{"cameraMode":{"drawMode":0,"name":"Shaded","section":"Shading Mode"},"sceneLighting":true,"audioPlay":false,"sceneViewState":{"m_AlwaysRefresh":false,"showFog":true,"showSkybox":true,"showFlares":true,"showImageEffects":true,"showParticleSystems":true,"showVisualEffectGraphs":true,"m_FxEnabled":true},"in2DMode":false,"pivot":{"x":-0.16689759492874146,"y":0.37799072265625,"z":-4.149419784545898},"rotation":{"x":-0.002136384602636099,"y":0.9972573518753052,"z":-0.031733181327581409,"w":-0.06711483746767044},"size":4.47270393371582,"orthographic":false}